1,rajesh,999945504,SNAP,approved,300.0,AMEX,9999455041234
2,rajesh,999945504,SNAP,approved,300.0,AMEX,9999455041234
3,rajesh,999945504,SNAP,approved,300.0,AMEX,9999455041234
4,rajesh,999945504,SNAP,approved,300.0,AMEX,9999455041234
5,rajesh,999945504,SNAP,approved,300.0,AMEX,9999455041234
6,rajesh,999945504,SNAP,approved,300.0,AMEX,9999455041234
7,rajesh,999945504,SNAP,approved,300.0,AMEX,9999455041234
8,rajesh,999945504,SNAP,approved,300.0,AMEX,9999455041234
9,rajesh,999945504,SNAP,approved,300.0,AMEX,9999455041234
10,rajesh,999945504,SNAP,approved,300.0,AMEX,9999455041234
11,rajesh,999945504,SNAP,approved,300.0,AMEX,9999455041234
12,rajesh,999945504,SNAP,approved,300.0,AMEX,9999455041234
13,rajesh,999945504,SNAP,approved,300.0,AMEX,9999455041234
14,rajesh,999945504,SNAP,approved,300.0,AMEX,9999455041234
15,rajesh,999945504,SNAP,approved,300.0,AMEX,9999455041234
16,rajesh,999945504,SNAP,approved,300.0,AMEX,9999455041234
17,rajesh,999945504,SNAP,approved,300.0,AMEX,9999455041234
18,rajesh,999945504,SNAP,approved,300.0,AMEX,9999455041234
19,rajesh,999945504,SNAP,approved,300.0,AMEX,9999455041234
20,rajesh,999945504,SNAP,approved,300.0,AMEX,9999455041234
21,rajesh,999945504,SNAP,approved,300.0,AMEX,9999455041234
22,rajesh,999945504,SNAP,approved,300.0,AMEX,9999455041234
23,rajesh,999945504,SNAP,approved,300.0,AMEX,9999455041234
24,rajesh,999945504,SNAP,approved,300.0,AMEX,9999455041234
25,rajesh,999945504,SNAP,approved,300.0,AMEX,9999455041234
26,rajesh,999945504,SNAP,approved,300.0,AMEX,9999455041234
27,rajesh,999945504,SNAP,approved,300.0,AMEX,9999455041234
28,rajesh,999945504,SNAP,approved,300.0,AMEX,9999455041234
29,rajesh,999945504,SNAP,approved,300.0,AMEX,9999455041234
30,rajesh,999945504,SNAP,approved,300.0,AMEX,9999455041234
31,rajesh,999945504,SNAP,approved,300.0,AMEX,9999455041234
32,rajesh,999945504,SNAP,approved,300.0,AMEX,9999455041234
33,rajesh,999945504,SNAP,approved,300.0,AMEX,9999455041234
34,rajesh,999945504,SNAP,approved,300.0,AMEX,9999455041234
35,rajesh,999945504,SNAP,approved,300.0,AMEX,9999455041234
36,rajesh,999945504,SNAP,approved,300.0,AMEX,9999455041234
37,rajesh,999945504,SNAP,approved,300.0,AMEX,9999455041234
38,rajesh,999945504,SNAP,approved,300.0,AMEX,9999455041234
39,rajesh,999945504,SNAP,approved,300.0,AMEX,9999455041234
40,rajesh,999945504,SNAP,approved,300.0,AMEX,9999455041234
41,rajesh,999945504,SNAP,approved,300.0,AMEX,9999455041234
42,rajesh,999945504,SNAP,approved,300.0,AMEX,9999455041234
43,rajesh,999945504,SNAP,approved,300.0,AMEX,9999455041234
44,rajesh,999945504,SNAP,approved,300.0,AMEX,9999455041234
45,rajesh,999945504,SNAP,approved,300.0,AMEX,9999455041234
46,rajesh,999945504,SNAP,approved,300.0,AMEX,9999455041234
47,rajesh,999945504,SNAP,approved,300.0,AMEX,9999455041234
48,rajesh,999945504,SNAP,approved,300.0,AMEX,9999455041234
49,rajesh,999945504,SNAP,approved,300.0,AMEX,9999455041234
50,rajesh,999945504,SNAP,approved,300.0,AMEX,9999455041234
51,rajesh,999945504,SNAP,approved,300.0,AMEX,9999455041234
52,rajesh,999945504,SNAP,approved,300.0,AMEX,9999455041234
53,rajesh,999945504,SNAP,approved,300.0,AMEX,9999455041234
54,rajesh,999945504,SNAP,approved,300.0,AMEX,9999455041234
55,rajesh,999945504,SNAP,approved,300.0,AMEX,9999455041234
56,rajesh,999945504,SNAP,approved,300.0,AMEX,9999455041234
57,rajesh,999945504,SNAP,approved,300.0,AMEX,9999455041234
58,rajesh,999945504,SNAP,approved,300.0,AMEX,9999455041234
59,rajesh,999945504,SNAP,approved,300.0,AMEX,9999455041234
60,rajesh,999945504,SNAP,approved,300.0,AMEX,9999455041234
61,rajesh,999945504,SNAP,approved,300.0,AMEX,9999455041234
62,rajesh,999945504,SNAP,approved,300.0,AMEX,9999455041234
63,rajesh,999945504,SNAP,approved,300.0,AMEX,9999455041234
64,rajesh,999945504,SNAP,approved,300.0,AMEX,9999455041234
65,rajesh,999945504,SNAP,approved,300.0,AMEX,9999455041234
66,rajesh,999945504,SNAP,approved,300.0,AMEX,9999455041234
67,rajesh,999945504,SNAP,approved,300.0,AMEX,9999455041234
68,rajesh,999945504,SNAP,approved,300.0,AMEX,9999455041234
69,rajesh,999945504,SNAP,approved,300.0,AMEX,9999455041234
70,rajesh,999945504,SNAP,approved,300.0,AMEX,9999455041234
71,rajesh,999945504,SNAP,approved,300.0,AMEX,9999455041234
72,rajesh,999945504,SNAP,approved,300.0,AMEX,9999455041234
73,rajesh,999945504,SNAP,approved,300.0,AMEX,9999455041234
74,rajesh,999945504,SNAP,approved,300.0,AMEX,9999455041234
75,rajesh,999945504,SNAP,approved,300.0,AMEX,9999455041234
76,rajesh,999945504,SNAP,approved,300.0,AMEX,9999455041234
77,rajesh,999945504,SNAP,approved,300.0,AMEX,9999455041234
78,rajesh,999945504,SNAP,approved,300.0,AMEX,9999455041234
79,rajesh,999945504,SNAP,approved,300.0,AMEX,9999455041234
80,rajesh,999945504,SNAP,approved,300.0,AMEX,9999455041234
81,rajesh,999945504,SNAP,approved,300.0,AMEX,9999455041234
82,rajesh,999945504,SNAP,approved,300.0,AMEX,9999455041234
83,rajesh,999945504,SNAP,approved,300.0,AMEX,9999455041234
84,rajesh,999945504,SNAP,approved,300.0,AMEX,9999455041234
85,rajesh,999945504,SNAP,approved,300.0,AMEX,9999455041234
86,rajesh,999945504,SNAP,approved,300.0,AMEX,9999455041234
87,rajesh,999945504,SNAP,approved,300.0,AMEX,9999455041234
88,rajesh,999945504,SNAP,approved,300.0,AMEX,9999455041234
89,rajesh,999945504,SNAP,approved,300.0,AMEX,9999455041234
90,rajesh,999945504,SNAP,approved,300.0,AMEX,9999455041234
91,rajesh,999945504,SNAP,approved,300.0,AMEX,9999455041234
92,rajesh,999945504,SNAP,approved,300.0,AMEX,9999455041234
93,rajesh,999945504,SNAP,approved,300.0,AMEX,9999455041234
94,rajesh,999945504,SNAP,approved,300.0,AMEX,9999455041234
95,rajesh,999945504,SNAP,approved,300.0,AMEX,9999455041234
96,rajesh,999945504,SNAP,approved,300.0,AMEX,9999455041234
97,rajesh,999945504,SNAP,approved,300.0,AMEX,9999455041234
98,rajesh,999945504,SNAP,approved,300.0,AMEX,9999455041234
99,rajesh,999945504,SNAP,approved,300.0,AMEX,9999455041234
100,rajesh,999945504,SNAP,approved,300.0,AMEX,9999455041234
101,rajesh,999945504,SNAP,approved,300.0,AMEX,9999455041234
102,rajesh,999945504,SNAP,approved,300.0,AMEX,9999455041234
103,rajesh,999945504,SNAP,approved,300.0,AMEX,9999455041234
104,rajesh,999945504,SNAP,approved,300.0,AMEX,9999455041234
105,rajesh,999945504,SNAP,approved,300.0,AMEX,9999455041234
106,rajesh,999945504,SNAP,approved,300.0,AMEX,9999455041234
107,rajesh,999945504,SNAP,approved,300.0,AMEX,9999455041234
108,rajesh,999945504,SNAP,approved,300.0,AMEX,9999455041234
109,rajesh,999945504,SNAP,approved,300.0,AMEX,9999455041234
110,rajesh,999945504,SNAP,approved,300.0,AMEX,9999455041234
111,rajesh,999945504,SNAP,approved,300.0,AMEX,9999455041234
112,rajesh,999945504,SNAP,approved,300.0,AMEX,9999455041234
113,rajesh,999945504,SNAP,approved,300.0,AMEX,9999455041234
114,rajesh,999945504,SNAP,approved,300.0,AMEX,9999455041234
115,rajesh,999945504,SNAP,approved,300.0,AMEX,9999455041234
116,rajesh,999945504,SNAP,approved,300.0,AMEX,9999455041234
117,rajesh,999945504,SNAP,approved,300.0,AMEX,9999455041234
118,rajesh,999945504,SNAP,approved,300.0,AMEX,9999455041234
119,rajesh,999945504,SNAP,approved,300.0,AMEX,9999455041234
120,rajesh,999945504,SNAP,approved,300.0,AMEX,9999455041234
121,rajesh,999945504,SNAP,approved,300.0,AMEX,9999455041234
122,rajesh,999945504,SNAP,approved,300.0,AMEX,9999455041234
123,rajesh,999945504,SNAP,approved,300.0,AMEX,9999455041234
124,rajesh,999945504,SNAP,approved,300.0,AMEX,9999455041234
125,rajesh,999945504,SNAP,approved,300.0,AMEX,9999455041234
126,rajesh,999945504,SNAP,approved,300.0,AMEX,9999455041234
127,rajesh,999945504,SNAP,approved,300.0,AMEX,9999455041234
128,rajesh,999945504,SNAP,approved,300.0,AMEX,9999455041234
129,rajesh,999945504,SNAP,approved,300.0,AMEX,9999455041234
130,rajesh,999945504,SNAP,approved,300.0,AMEX,9999455041234
131,rajesh,999945504,SNAP,approved,300.0,AMEX,9999455041234
132,rajesh,999945504,SNAP,approved,300.0,AMEX,9999455041234
133,rajesh,999945504,SNAP,approved,300.0,AMEX,9999455041234
134,rajesh,999945504,SNAP,approved,300.0,AMEX,9999455041234
135,rajesh,999945504,SNAP,approved,300.0,AMEX,9999455041234
136,rajesh,999945504,SNAP,approved,300.0,AMEX,9999455041234
137,rajesh,999945504,SNAP,approved,300.0,AMEX,9999455041234
138,rajesh,999945504,SNAP,approved,300.0,AMEX,9999455041234
139,rajesh,999945504,SNAP,approved,300.0,AMEX,9999455041234
140,rajesh,999945504,SNAP,approved,300.0,AMEX,9999455041234
141,rajesh,999945504,SNAP,approved,300.0,AMEX,9999455041234
142,rajesh,999945504,SNAP,approved,300.0,AMEX,9999455041234
143,rajesh,999945504,SNAP,approved,300.0,AMEX,9999455041234
144,rajesh,999945504,SNAP,approved,300.0,AMEX,9999455041234
145,rajesh,999945504,SNAP,approved,300.0,AMEX,9999455041234
146,rajesh,999945504,SNAP,approved,300.0,AMEX,9999455041234
147,rajesh,999945504,SNAP,approved,300.0,AMEX,9999455041234
148,rajesh,999945504,SNAP,approved,300.0,AMEX,9999455041234
149,rajesh,999945504,SNAP,approved,300.0,AMEX,9999455041234
150,rajesh,999945504,SNAP,approved,300.0,AMEX,9999455041234
151,rajesh,999945504,SNAP,approved,300.0,AMEX,9999455041234
152,rajesh,999945504,SNAP,approved,300.0,AMEX,9999455041234
153,rajesh,999945504,SNAP,approved,300.0,AMEX,9999455041234
154,rajesh,999945504,SNAP,approved,300.0,AMEX,9999455041234
155,rajesh,999945504,SNAP,approved,300.0,AMEX,9999455041234
156,rajesh,999945504,SNAP,approved,300.0,AMEX,9999455041234
157,rajesh,999945504,SNAP,approved,300.0,AMEX,9999455041234
158,rajesh,999945504,SNAP,approved,300.0,AMEX,9999455041234
159,rajesh,999945504,SNAP,approved,300.0,AMEX,9999455041234
160,rajesh,999945504,SNAP,approved,300.0,AMEX,9999455041234
161,rajesh,999945504,SNAP,approved,300.0,AMEX,9999455041234
162,rajesh,999945504,SNAP,approved,300.0,AMEX,9999455041234
163,rajesh,999945504,SNAP,approved,300.0,AMEX,9999455041234
164,rajesh,999945504,SNAP,approved,300.0,AMEX,9999455041234
165,rajesh,999945504,SNAP,approved,300.0,AMEX,9999455041234
166,rajesh,999945504,SNAP,approved,300.0,AMEX,9999455041234
167,rajesh,999945504,SNAP,approved,300.0,AMEX,9999455041234
168,rajesh,999945504,SNAP,approved,300.0,AMEX,9999455041234
169,rajesh,999945504,SNAP,approved,300.0,AMEX,9999455041234
170,rajesh,999945504,SNAP,approved,300.0,AMEX,9999455041234
171,rajesh,999945504,SNAP,approved,300.0,AMEX,9999455041234
172,rajesh,999945504,SNAP,approved,300.0,AMEX,9999455041234
173,rajesh,999945504,SNAP,approved,300.0,AMEX,9999455041234
174,rajesh,999945504,SNAP,approved,300.0,AMEX,9999455041234
175,rajesh,999945504,SNAP,approved,300.0,AMEX,9999455041234
176,rajesh,999945504,SNAP,approved,300.0,AMEX,9999455041234
177,rajesh,999945504,SNAP,approved,300.0,AMEX,9999455041234
178,rajesh,999945504,SNAP,approved,300.0,AMEX,9999455041234
179,rajesh,999945504,SNAP,approved,300.0,AMEX,9999455041234
180,rajesh,999945504,SNAP,approved,300.0,AMEX,9999455041234
181,rajesh,999945504,SNAP,approved,300.0,AMEX,9999455041234
182,rajesh,999945504,SNAP,approved,300.0,AMEX,9999455041234
183,rajesh,999945504,SNAP,approved,300.0,AMEX,9999455041234
184,rajesh,999945504,SNAP,approved,300.0,AMEX,9999455041234
185,rajesh,999945504,SNAP,approved,300.0,AMEX,9999455041234
186,rajesh,999945504,SNAP,approved,300.0,AMEX,9999455041234
187,rajesh,999945504,SNAP,approved,300.0,AMEX,9999455041234
188,rajesh,999945504,SNAP,approved,300.0,AMEX,9999455041234
189,rajesh,999945504,SNAP,approved,300.0,AMEX,9999455041234
190,rajesh,999945504,SNAP,approved,300.0,AMEX,9999455041234
191,rajesh,999945504,SNAP,approved,300.0,AMEX,9999455041234
192,rajesh,999945504,SNAP,approved,300.0,AMEX,9999455041234
193,rajesh,999945504,SNAP,approved,300.0,AMEX,9999455041234
194,rajesh,999945504,SNAP,approved,300.0,AMEX,9999455041234
195,rajesh,999945504,SNAP,approved,300.0,AMEX,9999455041234
196,rajesh,999945504,SNAP,approved,300.0,AMEX,9999455041234
197,rajesh,999945504,SNAP,approved,300.0,AMEX,9999455041234
198,rajesh,999945504,SNAP,approved,300.0,AMEX,9999455041234
199,rajesh,999945504,SNAP,approved,300.0,AMEX,9999455041234
200,rajesh,999945504,SNAP,approved,300.0,AMEX,9999455041234
201,rajesh,999945504,SNAP,approved,300.0,AMEX,9999455041234
202,rajesh,999945504,SNAP,approved,300.0,AMEX,9999455041234
203,rajesh,999945504,SNAP,approved,300.0,AMEX,9999455041234
204,rajesh,999945504,SNAP,approved,300.0,AMEX,9999455041234
205,rajesh,999945504,SNAP,approved,300.0,AMEX,9999455041234
206,rajesh,999945504,SNAP,approved,300.0,AMEX,9999455041234
207,rajesh,999945504,SNAP,approved,300.0,AMEX,9999455041234
208,rajesh,999945504,SNAP,approved,300.0,AMEX,9999455041234
209,rajesh,999945504,SNAP,approved,300.0,AMEX,9999455041234
210,rajesh,999945504,SNAP,approved,300.0,AMEX,9999455041234
211,rajesh,999945504,SNAP,approved,300.0,AMEX,9999455041234
212,rajesh,999945504,SNAP,approved,300.0,AMEX,9999455041234
213,rajesh,999945504,SNAP,approved,300.0,AMEX,9999455041234
214,rajesh,999945504,SNAP,approved,300.0,AMEX,9999455041234
215,rajesh,999945504,SNAP,approved,300.0,AMEX,9999455041234
216,rajesh,999945504,SNAP,approved,300.0,AMEX,9999455041234
217,rajesh,999945504,SNAP,approved,300.0,AMEX,9999455041234
218,rajesh,999945504,SNAP,approved,300.0,AMEX,9999455041234
219,rajesh,999945504,SNAP,approved,300.0,AMEX,9999455041234
220,rajesh,999945504,SNAP,approved,300.0,AMEX,9999455041234
221,rajesh,999945504,SNAP,approved,300.0,AMEX,9999455041234
222,rajesh,999945504,SNAP,approved,300.0,AMEX,9999455041234
223,rajesh,999945504,SNAP,approved,300.0,AMEX,9999455041234
224,rajesh,999945504,SNAP,approved,300.0,AMEX,9999455041234
225,rajesh,999945504,SNAP,approved,300.0,AMEX,9999455041234
226,rajesh,999945504,SNAP,approved,300.0,AMEX,9999455041234
227,rajesh,999945504,SNAP,approved,300.0,AMEX,9999455041234
228,rajesh,999945504,SNAP,approved,300.0,AMEX,9999455041234
229,rajesh,999945504,SNAP,approved,300.0,AMEX,9999455041234
230,rajesh,999945504,SNAP,approved,300.0,AMEX,9999455041234
231,rajesh,999945504,SNAP,approved,300.0,AMEX,9999455041234
232,rajesh,999945504,SNAP,approved,300.0,AMEX,9999455041234
233,rajesh,999945504,SNAP,approved,300.0,AMEX,9999455041234
234,rajesh,999945504,SNAP,approved,300.0,AMEX,9999455041234
235,rajesh,999945504,SNAP,approved,300.0,AMEX,9999455041234
236,rajesh,999945504,SNAP,approved,300.0,AMEX,9999455041234
237,rajesh,999945504,SNAP,approved,300.0,AMEX,9999455041234
238,rajesh,999945504,SNAP,approved,300.0,AMEX,9999455041234
239,rajesh,999945504,SNAP,approved,300.0,AMEX,9999455041234
240,rajesh,999945504,SNAP,approved,300.0,AMEX,9999455041234
241,rajesh,999945504,SNAP,approved,300.0,AMEX,9999455041234
242,rajesh,999945504,SNAP,approved,300.0,AMEX,9999455041234
243,rajesh,999945504,SNAP,approved,300.0,AMEX,9999455041234
244,rajesh,999945504,SNAP,approved,300.0,AMEX,9999455041234
245,rajesh,999945504,SNAP,approved,300.0,AMEX,9999455041234
246,rajesh,999945504,SNAP,approved,300.0,AMEX,9999455041234
247,rajesh,999945504,SNAP,approved,300.0,AMEX,9999455041234
248,rajesh,999945504,SNAP,approved,300.0,AMEX,9999455041234
249,rajesh,999945504,SNAP,approved,300.0,AMEX,9999455041234
250,rajesh,999945504,SNAP,approved,300.0,AMEX,9999455041234
251,rajesh,999945504,SNAP,approved,300.0,AMEX,9999455041234
252,rajesh,999945504,SNAP,approved,300.0,AMEX,9999455041234
253,rajesh,999945504,SNAP,approved,300.0,AMEX,9999455041234
254,rajesh,999945504,SNAP,approved,300.0,AMEX,9999455041234
255,rajesh,999945504,SNAP,approved,300.0,AMEX,9999455041234
256,rajesh,999945504,SNAP,approved,300.0,AMEX,9999455041234
257,rajesh,999945504,SNAP,approved,300.0,AMEX,9999455041234
258,rajesh,999945504,SNAP,approved,300.0,AMEX,9999455041234
259,rajesh,999945504,SNAP,approved,300.0,AMEX,9999455041234
260,rajesh,999945504,SNAP,approved,300.0,AMEX,9999455041234
261,rajesh,999945504,SNAP,approved,300.0,AMEX,9999455041234
262,rajesh,999945504,SNAP,approved,300.0,AMEX,9999455041234
263,rajesh,999945504,SNAP,approved,300.0,AMEX,9999455041234
264,rajesh,999945504,SNAP,approved,300.0,AMEX,9999455041234
265,rajesh,999945504,SNAP,approved,300.0,AMEX,9999455041234
266,rajesh,999945504,SNAP,approved,300.0,AMEX,9999455041234
267,rajesh,999945504,SNAP,approved,300.0,AMEX,9999455041234
268,rajesh,999945504,SNAP,approved,300.0,AMEX,9999455041234
269,rajesh,999945504,SNAP,approved,300.0,AMEX,9999455041234
270,rajesh,999945504,SNAP,approved,300.0,AMEX,9999455041234
271,rajesh,999945504,SNAP,approved,300.0,AMEX,9999455041234
272,rajesh,999945504,SNAP,approved,300.0,AMEX,9999455041234
273,rajesh,999945504,SNAP,approved,300.0,AMEX,9999455041234
274,rajesh,999945504,SNAP,approved,300.0,AMEX,9999455041234
275,rajesh,999945504,SNAP,approved,300.0,AMEX,9999455041234
276,rajesh,999945504,SNAP,approved,300.0,AMEX,9999455041234
277,rajesh,999945504,SNAP,approved,300.0,AMEX,9999455041234
278,rajesh,999945504,SNAP,approved,300.0,AMEX,9999455041234
279,rajesh,999945504,SNAP,approved,300.0,AMEX,9999455041234
280,rajesh,999945504,SNAP,approved,300.0,AMEX,9999455041234
281,rajesh,999945504,SNAP,approved,300.0,AMEX,9999455041234
282,rajesh,999945504,SNAP,approved,300.0,AMEX,9999455041234
283,rajesh,999945504,SNAP,approved,300.0,AMEX,9999455041234
284,rajesh,999945504,SNAP,approved,300.0,AMEX,9999455041234
285,rajesh,999945504,SNAP,approved,300.0,AMEX,9999455041234
286,rajesh,999945504,SNAP,approved,300.0,AMEX,9999455041234
287,rajesh,999945504,SNAP,approved,300.0,AMEX,9999455041234
288,rajesh,999945504,SNAP,approved,300.0,AMEX,9999455041234
289,rajesh,999945504,SNAP,approved,300.0,AMEX,9999455041234
290,rajesh,999945504,SNAP,approved,300.0,AMEX,9999455041234
291,rajesh,999945504,SNAP,approved,300.0,AMEX,9999455041234
292,rajesh,999945504,SNAP,approved,300.0,AMEX,9999455041234
293,rajesh,999945504,SNAP,approved,300.0,AMEX,9999455041234
294,rajesh,999945504,SNAP,approved,300.0,AMEX,9999455041234
295,rajesh,999945504,SNAP,approved,300.0,AMEX,9999455041234
296,rajesh,999945504,SNAP,approved,300.0,AMEX,9999455041234
297,rajesh,999945504,SNAP,approved,300.0,AMEX,9999455041234
298,rajesh,999945504,SNAP,approved,300.0,AMEX,9999455041234
299,rajesh,999945504,SNAP,approved,300.0,AMEX,9999455041234
300,rajesh,999945504,SNAP,approved,300.0,AMEX,9999455041234
301,rajesh,999945504,SNAP,approved,300.0,AMEX,9999455041234
302,rajesh,999945504,SNAP,approved,300.0,AMEX,9999455041234
303,rajesh,999945504,SNAP,approved,300.0,AMEX,9999455041234
304,rajesh,999945504,SNAP,approved,300.0,AMEX,9999455041234
305,rajesh,999945504,SNAP,approved,300.0,AMEX,9999455041234
306,rajesh,999945504,SNAP,approved,300.0,AMEX,9999455041234
307,rajesh,999945504,SNAP,approved,300.0,AMEX,9999455041234
308,rajesh,999945504,SNAP,approved,300.0,AMEX,9999455041234
309,rajesh,999945504,SNAP,approved,300.0,AMEX,9999455041234
310,rajesh,999945504,SNAP,approved,300.0,AMEX,9999455041234
311,rajesh,999945504,SNAP,approved,300.0,AMEX,9999455041234
312,rajesh,999945504,SNAP,approved,300.0,AMEX,9999455041234
313,rajesh,999945504,SNAP,approved,300.0,AMEX,9999455041234
314,rajesh,999945504,SNAP,approved,300.0,AMEX,9999455041234
315,rajesh,999945504,SNAP,approved,300.0,AMEX,9999455041234
316,rajesh,999945504,SNAP,approved,300.0,AMEX,9999455041234
317,rajesh,999945504,SNAP,approved,300.0,AMEX,9999455041234
318,rajesh,999945504,SNAP,approved,300.0,AMEX,9999455041234
319,rajesh,999945504,SNAP,approved,300.0,AMEX,9999455041234
320,rajesh,999945504,SNAP,approved,300.0,AMEX,9999455041234
321,rajesh,999945504,SNAP,approved,300.0,AMEX,9999455041234
322,rajesh,999945504,SNAP,approved,300.0,AMEX,9999455041234
323,rajesh,999945504,SNAP,approved,300.0,AMEX,9999455041234
324,rajesh,999945504,SNAP,approved,300.0,AMEX,9999455041234
325,rajesh,999945504,SNAP,approved,300.0,AMEX,9999455041234
326,rajesh,999945504,SNAP,approved,300.0,AMEX,9999455041234
327,rajesh,999945504,SNAP,approved,300.0,AMEX,9999455041234
328,rajesh,999945504,SNAP,approved,300.0,AMEX,9999455041234
329,rajesh,999945504,SNAP,approved,300.0,AMEX,9999455041234
330,rajesh,999945504,SNAP,approved,300.0,AMEX,9999455041234
331,rajesh,999945504,SNAP,approved,300.0,AMEX,9999455041234
332,rajesh,999945504,SNAP,approved,300.0,AMEX,9999455041234
333,rajesh,999945504,SNAP,approved,300.0,AMEX,9999455041234
334,rajesh,999945504,SNAP,approved,300.0,AMEX,9999455041234
335,rajesh,999945504,SNAP,approved,300.0,AMEX,9999455041234
336,rajesh,999945504,SNAP,approved,300.0,AMEX,9999455041234
337,rajesh,999945504,SNAP,approved,300.0,AMEX,9999455041234
338,rajesh,999945504,SNAP,approved,300.0,AMEX,9999455041234
339,rajesh,999945504,SNAP,approved,300.0,AMEX,9999455041234
340,rajesh,999945504,SNAP,approved,300.0,AMEX,9999455041234
341,rajesh,999945504,SNAP,approved,300.0,AMEX,9999455041234
342,rajesh,999945504,SNAP,approved,300.0,AMEX,9999455041234
343,rajesh,999945504,SNAP,approved,300.0,AMEX,9999455041234
344,rajesh,999945504,SNAP,approved,300.0,AMEX,9999455041234
345,rajesh,999945504,SNAP,approved,300.0,AMEX,9999455041234
346,rajesh,999945504,SNAP,approved,300.0,AMEX,9999455041234
347,rajesh,999945504,SNAP,approved,300.0,AMEX,9999455041234
348,rajesh,999945504,SNAP,approved,300.0,AMEX,9999455041234
349,rajesh,999945504,SNAP,approved,300.0,AMEX,9999455041234
350,rajesh,999945504,SNAP,approved,300.0,AMEX,9999455041234
351,rajesh,999945504,SNAP,approved,300.0,AMEX,9999455041234
352,rajesh,999945504,SNAP,approved,300.0,AMEX,9999455041234
353,rajesh,999945504,SNAP,approved,300.0,AMEX,9999455041234
354,rajesh,999945504,SNAP,approved,300.0,AMEX,9999455041234
355,rajesh,999945504,SNAP,approved,300.0,AMEX,9999455041234
356,rajesh,999945504,SNAP,approved,300.0,AMEX,9999455041234
357,rajesh,999945504,SNAP,approved,300.0,AMEX,9999455041234
358,rajesh,999945504,SNAP,approved,300.0,AMEX,9999455041234
359,rajesh,999945504,SNAP,approved,300.0,AMEX,9999455041234
360,rajesh,999945504,SNAP,approved,300.0,AMEX,9999455041234
361,rajesh,999945504,SNAP,approved,300.0,AMEX,9999455041234
362,rajesh,999945504,SNAP,approved,300.0,AMEX,9999455041234
363,rajesh,999945504,SNAP,approved,300.0,AMEX,9999455041234
364,rajesh,999945504,SNAP,approved,300.0,AMEX,9999455041234
365,rajesh,999945504,SNAP,approved,300.0,AMEX,9999455041234
366,rajesh,999945504,SNAP,approved,300.0,AMEX,9999455041234
367,rajesh,999945504,SNAP,approved,300.0,AMEX,9999455041234
368,rajesh,999945504,SNAP,approved,300.0,AMEX,9999455041234
369,rajesh,999945504,SNAP,approved,300.0,AMEX,9999455041234
370,rajesh,999945504,SNAP,approved,300.0,AMEX,9999455041234
371,rajesh,999945504,SNAP,approved,300.0,AMEX,9999455041234
372,rajesh,999945504,SNAP,approved,300.0,AMEX,9999455041234
373,rajesh,999945504,SNAP,approved,300.0,AMEX,9999455041234
374,rajesh,999945504,SNAP,approved,300.0,AMEX,9999455041234
375,rajesh,999945504,SNAP,approved,300.0,AMEX,9999455041234
376,rajesh,999945504,SNAP,approved,300.0,AMEX,9999455041234
377,rajesh,999945504,SNAP,approved,300.0,AMEX,9999455041234
378,rajesh,999945504,SNAP,approved,300.0,AMEX,9999455041234
379,rajesh,999945504,SNAP,approved,300.0,AMEX,9999455041234
380,rajesh,999945504,SNAP,approved,300.0,AMEX,9999455041234
381,rajesh,999945504,SNAP,approved,300.0,AMEX,9999455041234
382,rajesh,999945504,SNAP,approved,300.0,AMEX,9999455041234
383,rajesh,999945504,SNAP,approved,300.0,AMEX,9999455041234
384,rajesh,999945504,SNAP,approved,300.0,AMEX,9999455041234
385,rajesh,999945504,SNAP,approved,300.0,AMEX,9999455041234
386,rajesh,999945504,SNAP,approved,300.0,AMEX,9999455041234
387,rajesh,999945504,SNAP,approved,300.0,AMEX,9999455041234
388,rajesh,999945504,SNAP,approved,300.0,AMEX,9999455041234
389,rajesh,999945504,SNAP,approved,300.0,AMEX,9999455041234
390,rajesh,999945504,SNAP,approved,300.0,AMEX,9999455041234
391,rajesh,999945504,SNAP,approved,300.0,AMEX,9999455041234
392,rajesh,999945504,SNAP,approved,300.0,AMEX,9999455041234
393,rajesh,999945504,SNAP,approved,300.0,AMEX,9999455041234
394,rajesh,999945504,SNAP,approved,300.0,AMEX,9999455041234
395,rajesh,999945504,SNAP,approved,300.0,AMEX,9999455041234
396,rajesh,999945504,SNAP,approved,300.0,AMEX,9999455041234
397,rajesh,999945504,SNAP,approved,300.0,AMEX,9999455041234
398,rajesh,999945504,SNAP,approved,300.0,AMEX,9999455041234
399,rajesh,999945504,SNAP,approved,300.0,AMEX,9999455041234
400,rajesh,999945504,SNAP,approved,300.0,AMEX,9999455041234
401,rajesh,999945504,SNAP,approved,300.0,AMEX,9999455041234
402,rajesh,999945504,SNAP,approved,300.0,AMEX,9999455041234
403,rajesh,999945504,SNAP,approved,300.0,AMEX,9999455041234
404,rajesh,999945504,SNAP,approved,300.0,AMEX,9999455041234
405,rajesh,999945504,SNAP,approved,300.0,AMEX,9999455041234
406,rajesh,999945504,SNAP,approved,300.0,AMEX,9999455041234
407,rajesh,999945504,SNAP,approved,300.0,AMEX,9999455041234
408,rajesh,999945504,SNAP,approved,300.0,AMEX,9999455041234
409,rajesh,999945504,SNAP,approved,300.0,AMEX,9999455041234
410,rajesh,999945504,SNAP,approved,300.0,AMEX,9999455041234
411,rajesh,999945504,SNAP,approved,300.0,AMEX,9999455041234
412,rajesh,999945504,SNAP,approved,300.0,AMEX,9999455041234
413,rajesh,999945504,SNAP,approved,300.0,AMEX,9999455041234
414,rajesh,999945504,SNAP,approved,300.0,AMEX,9999455041234
415,rajesh,999945504,SNAP,approved,300.0,AMEX,9999455041234
416,rajesh,999945504,SNAP,approved,300.0,AMEX,9999455041234
417,rajesh,999945504,SNAP,approved,300.0,AMEX,9999455041234
418,rajesh,999945504,SNAP,approved,300.0,AMEX,9999455041234
419,rajesh,999945504,SNAP,approved,300.0,AMEX,9999455041234
420,rajesh,999945504,SNAP,approved,300.0,AMEX,9999455041234
421,rajesh,999945504,SNAP,approved,300.0,AMEX,9999455041234
422,rajesh,999945504,SNAP,approved,300.0,AMEX,9999455041234
423,rajesh,999945504,SNAP,approved,300.0,AMEX,9999455041234
424,rajesh,999945504,SNAP,approved,300.0,AMEX,9999455041234
425,rajesh,999945504,SNAP,approved,300.0,AMEX,9999455041234
426,rajesh,999945504,SNAP,approved,300.0,AMEX,9999455041234
427,rajesh,999945504,SNAP,approved,300.0,AMEX,9999455041234
428,rajesh,999945504,SNAP,approved,300.0,AMEX,9999455041234
429,rajesh,999945504,SNAP,approved,300.0,AMEX,9999455041234
430,rajesh,999945504,SNAP,approved,300.0,AMEX,9999455041234
431,rajesh,999945504,SNAP,approved,300.0,AMEX,9999455041234
432,rajesh,999945504,SNAP,approved,300.0,AMEX,9999455041234
433,rajesh,999945504,SNAP,approved,300.0,AMEX,9999455041234
434,rajesh,999945504,SNAP,approved,300.0,AMEX,9999455041234
435,rajesh,999945504,SNAP,approved,300.0,AMEX,9999455041234
436,rajesh,999945504,SNAP,approved,300.0,AMEX,9999455041234
437,rajesh,999945504,SNAP,approved,300.0,AMEX,9999455041234
438,rajesh,999945504,SNAP,approved,300.0,AMEX,9999455041234
439,rajesh,999945504,SNAP,approved,300.0,AMEX,9999455041234
440,rajesh,999945504,SNAP,approved,300.0,AMEX,9999455041234
441,rajesh,999945504,SNAP,approved,300.0,AMEX,9999455041234
442,rajesh,999945504,SNAP,approved,300.0,AMEX,9999455041234
443,rajesh,999945504,SNAP,approved,300.0,AMEX,9999455041234
444,rajesh,999945504,SNAP,approved,300.0,AMEX,9999455041234
445,rajesh,999945504,SNAP,approved,300.0,AMEX,9999455041234
446,rajesh,999945504,SNAP,approved,300.0,AMEX,9999455041234
447,rajesh,999945504,SNAP,approved,300.0,AMEX,9999455041234
448,rajesh,999945504,SNAP,approved,300.0,AMEX,9999455041234
449,rajesh,999945504,SNAP,approved,300.0,AMEX,9999455041234
450,rajesh,999945504,SNAP,approved,300.0,AMEX,9999455041234
451,rajesh,999945504,SNAP,approved,300.0,AMEX,9999455041234
452,rajesh,999945504,SNAP,approved,300.0,AMEX,9999455041234
453,rajesh,999945504,SNAP,approved,300.0,AMEX,9999455041234
454,rajesh,999945504,SNAP,approved,300.0,AMEX,9999455041234
455,rajesh,999945504,SNAP,approved,300.0,AMEX,9999455041234
456,rajesh,999945504,SNAP,approved,300.0,AMEX,9999455041234
457,rajesh,999945504,SNAP,approved,300.0,AMEX,9999455041234
458,rajesh,999945504,SNAP,approved,300.0,AMEX,9999455041234
459,rajesh,999945504,SNAP,approved,300.0,AMEX,9999455041234
460,rajesh,999945504,SNAP,approved,300.0,AMEX,9999455041234
461,rajesh,999945504,SNAP,approved,300.0,AMEX,9999455041234
462,rajesh,999945504,SNAP,approved,300.0,AMEX,9999455041234
463,rajesh,999945504,SNAP,approved,300.0,AMEX,9999455041234
464,rajesh,999945504,SNAP,approved,300.0,AMEX,9999455041234
465,rajesh,999945504,SNAP,approved,300.0,AMEX,9999455041234
466,rajesh,999945504,SNAP,approved,300.0,AMEX,9999455041234
467,rajesh,999945504,SNAP,approved,300.0,AMEX,9999455041234
468,rajesh,999945504,SNAP,approved,300.0,AMEX,9999455041234
469,rajesh,999945504,SNAP,approved,300.0,AMEX,9999455041234
470,rajesh,999945504,SNAP,approved,300.0,AMEX,9999455041234
471,rajesh,999945504,SNAP,approved,300.0,AMEX,9999455041234
472,rajesh,999945504,SNAP,approved,300.0,AMEX,9999455041234
473,rajesh,999945504,SNAP,approved,300.0,AMEX,9999455041234
474,rajesh,999945504,SNAP,approved,300.0,AMEX,9999455041234
475,rajesh,999945504,SNAP,approved,300.0,AMEX,9999455041234
476,rajesh,999945504,SNAP,approved,300.0,AMEX,9999455041234
477,rajesh,999945504,SNAP,approved,300.0,AMEX,9999455041234
478,rajesh,999945504,SNAP,approved,300.0,AMEX,9999455041234
479,rajesh,999945504,SNAP,approved,300.0,AMEX,9999455041234
480,rajesh,999945504,SNAP,approved,300.0,AMEX,9999455041234
481,rajesh,999945504,SNAP,approved,300.0,AMEX,9999455041234
482,rajesh,999945504,SNAP,approved,300.0,AMEX,9999455041234
483,rajesh,999945504,SNAP,approved,300.0,AMEX,9999455041234
484,rajesh,999945504,SNAP,approved,300.0,AMEX,9999455041234
485,rajesh,999945504,SNAP,approved,300.0,AMEX,9999455041234
486,rajesh,999945504,SNAP,approved,300.0,AMEX,9999455041234
487,rajesh,999945504,SNAP,approved,300.0,AMEX,9999455041234
488,rajesh,999945504,SNAP,approved,300.0,AMEX,9999455041234
489,rajesh,999945504,SNAP,approved,300.0,AMEX,9999455041234
490,rajesh,999945504,SNAP,approved,300.0,AMEX,9999455041234
491,rajesh,999945504,SNAP,approved,300.0,AMEX,9999455041234
492,rajesh,999945504,SNAP,approved,300.0,AMEX,9999455041234
493,rajesh,999945504,SNAP,approved,300.0,AMEX,9999455041234
494,rajesh,999945504,SNAP,approved,300.0,AMEX,9999455041234
495,rajesh,999945504,SNAP,approved,300.0,AMEX,9999455041234
496,rajesh,999945504,SNAP,approved,300.0,AMEX,9999455041234
497,rajesh,999945504,SNAP,approved,300.0,AMEX,9999455041234
498,rajesh,999945504,SNAP,approved,300.0,AMEX,9999455041234
499,rajesh,999945504,SNAP,approved,300.0,AMEX,9999455041234
500,rajesh,999945504,SNAP,approved,300.0,AMEX,9999455041234
501,rajesh,999945504,SNAP,approved,300.0,AMEX,9999455041234
502,rajesh,999945504,SNAP,approved,300.0,AMEX,9999455041234
503,rajesh,999945504,SNAP,approved,300.0,AMEX,9999455041234
504,rajesh,999945504,SNAP,approved,300.0,AMEX,9999455041234
505,rajesh,999945504,SNAP,approved,300.0,AMEX,9999455041234
506,rajesh,999945504,SNAP,approved,300.0,AMEX,9999455041234
507,rajesh,999945504,SNAP,approved,300.0,AMEX,9999455041234
508,rajesh,999945504,SNAP,approved,300.0,AMEX,9999455041234
509,rajesh,999945504,SNAP,approved,300.0,AMEX,9999455041234
510,rajesh,999945504,SNAP,approved,300.0,AMEX,9999455041234
511,rajesh,999945504,SNAP,approved,300.0,AMEX,9999455041234
512,rajesh,999945504,SNAP,approved,300.0,AMEX,9999455041234
513,rajesh,999945504,SNAP,approved,300.0,AMEX,9999455041234
514,rajesh,999945504,SNAP,approved,300.0,AMEX,9999455041234
515,rajesh,999945504,SNAP,approved,300.0,AMEX,9999455041234
516,rajesh,999945504,SNAP,approved,300.0,AMEX,9999455041234
517,rajesh,999945504,SNAP,approved,300.0,AMEX,9999455041234
518,rajesh,999945504,SNAP,approved,300.0,AMEX,9999455041234
519,rajesh,999945504,SNAP,approved,300.0,AMEX,9999455041234
520,rajesh,999945504,SNAP,approved,300.0,AMEX,9999455041234
521,rajesh,999945504,SNAP,approved,300.0,AMEX,9999455041234
522,rajesh,999945504,SNAP,approved,300.0,AMEX,9999455041234
523,rajesh,999945504,SNAP,approved,300.0,AMEX,9999455041234
524,rajesh,999945504,SNAP,approved,300.0,AMEX,9999455041234
525,rajesh,999945504,SNAP,approved,300.0,AMEX,9999455041234
526,rajesh,999945504,SNAP,approved,300.0,AMEX,9999455041234
527,rajesh,999945504,SNAP,approved,300.0,AMEX,9999455041234
528,rajesh,999945504,SNAP,approved,300.0,AMEX,9999455041234
529,rajesh,999945504,SNAP,approved,300.0,AMEX,9999455041234
530,rajesh,999945504,SNAP,approved,300.0,AMEX,9999455041234
531,rajesh,999945504,SNAP,approved,300.0,AMEX,9999455041234
532,rajesh,999945504,SNAP,approved,300.0,AMEX,9999455041234
533,rajesh,999945504,SNAP,approved,300.0,AMEX,9999455041234
534,rajesh,999945504,SNAP,approved,300.0,AMEX,9999455041234
535,rajesh,999945504,SNAP,approved,300.0,AMEX,9999455041234
536,rajesh,999945504,SNAP,approved,300.0,AMEX,9999455041234
537,rajesh,999945504,SNAP,approved,300.0,AMEX,9999455041234
538,rajesh,999945504,SNAP,approved,300.0,AMEX,9999455041234
539,rajesh,999945504,SNAP,approved,300.0,AMEX,9999455041234
540,rajesh,999945504,SNAP,approved,300.0,AMEX,9999455041234
541,rajesh,999945504,SNAP,approved,300.0,AMEX,9999455041234
542,rajesh,999945504,SNAP,approved,300.0,AMEX,9999455041234
543,rajesh,999945504,SNAP,approved,300.0,AMEX,9999455041234
544,rajesh,999945504,SNAP,approved,300.0,AMEX,9999455041234
545,rajesh,999945504,SNAP,approved,300.0,AMEX,9999455041234
546,rajesh,999945504,SNAP,approved,300.0,AMEX,9999455041234
547,rajesh,999945504,SNAP,approved,300.0,AMEX,9999455041234
548,rajesh,999945504,SNAP,approved,300.0,AMEX,9999455041234
549,rajesh,999945504,SNAP,approved,300.0,AMEX,9999455041234
550,rajesh,999945504,SNAP,approved,300.0,AMEX,9999455041234
551,rajesh,999945504,SNAP,approved,300.0,AMEX,9999455041234
552,rajesh,999945504,SNAP,approved,300.0,AMEX,9999455041234
553,rajesh,999945504,SNAP,approved,300.0,AMEX,9999455041234
554,rajesh,999945504,SNAP,approved,300.0,AMEX,9999455041234
555,rajesh,999945504,SNAP,approved,300.0,AMEX,9999455041234
556,rajesh,999945504,SNAP,approved,300.0,AMEX,9999455041234
557,rajesh,999945504,SNAP,approved,300.0,AMEX,9999455041234
558,rajesh,999945504,SNAP,approved,300.0,AMEX,9999455041234
559,rajesh,999945504,SNAP,approved,300.0,AMEX,9999455041234
560,rajesh,999945504,SNAP,approved,300.0,AMEX,9999455041234
561,rajesh,999945504,SNAP,approved,300.0,AMEX,9999455041234
562,rajesh,999945504,SNAP,approved,300.0,AMEX,9999455041234
563,rajesh,999945504,SNAP,approved,300.0,AMEX,9999455041234
564,rajesh,999945504,SNAP,approved,300.0,AMEX,9999455041234
565,rajesh,999945504,SNAP,approved,300.0,AMEX,9999455041234
566,rajesh,999945504,SNAP,approved,300.0,AMEX,9999455041234
567,rajesh,999945504,SNAP,approved,300.0,AMEX,9999455041234
568,rajesh,999945504,SNAP,approved,300.0,AMEX,9999455041234
569,rajesh,999945504,SNAP,approved,300.0,AMEX,9999455041234
570,rajesh,999945504,SNAP,approved,300.0,AMEX,9999455041234
571,rajesh,999945504,SNAP,approved,300.0,AMEX,9999455041234
572,rajesh,999945504,SNAP,approved,300.0,AMEX,9999455041234
573,rajesh,999945504,SNAP,approved,300.0,AMEX,9999455041234
574,rajesh,999945504,SNAP,approved,300.0,AMEX,9999455041234
575,rajesh,999945504,SNAP,approved,300.0,AMEX,9999455041234
576,rajesh,999945504,SNAP,approved,300.0,AMEX,9999455041234
577,rajesh,999945504,SNAP,approved,300.0,AMEX,9999455041234
578,rajesh,999945504,SNAP,approved,300.0,AMEX,9999455041234
579,rajesh,999945504,SNAP,approved,300.0,AMEX,9999455041234
580,rajesh,999945504,SNAP,approved,300.0,AMEX,9999455041234
581,rajesh,999945504,SNAP,approved,300.0,AMEX,9999455041234
582,rajesh,999945504,SNAP,approved,300.0,AMEX,9999455041234
583,rajesh,999945504,SNAP,approved,300.0,AMEX,9999455041234
584,rajesh,999945504,SNAP,approved,300.0,AMEX,9999455041234
585,rajesh,999945504,SNAP,approved,300.0,AMEX,9999455041234
586,rajesh,999945504,SNAP,approved,300.0,AMEX,9999455041234
587,rajesh,999945504,SNAP,approved,300.0,AMEX,9999455041234
588,rajesh,999945504,SNAP,approved,300.0,AMEX,9999455041234
589,rajesh,999945504,SNAP,approved,300.0,AMEX,9999455041234
590,rajesh,999945504,SNAP,approved,300.0,AMEX,9999455041234
591,rajesh,999945504,SNAP,approved,300.0,AMEX,9999455041234
592,rajesh,999945504,SNAP,approved,300.0,AMEX,9999455041234
593,rajesh,999945504,SNAP,approved,300.0,AMEX,9999455041234
594,rajesh,999945504,SNAP,approved,300.0,AMEX,9999455041234
595,rajesh,999945504,SNAP,approved,300.0,AMEX,9999455041234
596,rajesh,999945504,SNAP,approved,300.0,AMEX,9999455041234
597,rajesh,999945504,SNAP,approved,300.0,AMEX,9999455041234
598,rajesh,999945504,SNAP,approved,300.0,AMEX,9999455041234
599,rajesh,999945504,SNAP,approved,300.0,AMEX,9999455041234
600,rajesh,999945504,SNAP,approved,300.0,AMEX,9999455041234
601,rajesh,999945504,SNAP,approved,300.0,AMEX,9999455041234
602,rajesh,999945504,SNAP,approved,300.0,AMEX,9999455041234
603,rajesh,999945504,SNAP,approved,300.0,AMEX,9999455041234
604,rajesh,999945504,SNAP,approved,300.0,AMEX,9999455041234
605,rajesh,999945504,SNAP,approved,300.0,AMEX,9999455041234
606,rajesh,999945504,SNAP,approved,300.0,AMEX,9999455041234
607,rajesh,999945504,SNAP,approved,300.0,AMEX,9999455041234
608,rajesh,999945504,SNAP,approved,300.0,AMEX,9999455041234
609,rajesh,999945504,SNAP,approved,300.0,AMEX,9999455041234
610,rajesh,999945504,SNAP,approved,300.0,AMEX,9999455041234
611,rajesh,999945504,SNAP,approved,300.0,AMEX,9999455041234
612,rajesh,999945504,SNAP,approved,300.0,AMEX,9999455041234
613,rajesh,999945504,SNAP,approved,300.0,AMEX,9999455041234
614,rajesh,999945504,SNAP,approved,300.0,AMEX,9999455041234
615,rajesh,999945504,SNAP,approved,300.0,AMEX,9999455041234
616,rajesh,999945504,SNAP,approved,300.0,AMEX,9999455041234
617,rajesh,999945504,SNAP,approved,300.0,AMEX,9999455041234
618,rajesh,999945504,SNAP,approved,300.0,AMEX,9999455041234
619,rajesh,999945504,SNAP,approved,300.0,AMEX,9999455041234
620,rajesh,999945504,SNAP,approved,300.0,AMEX,9999455041234
621,rajesh,999945504,SNAP,approved,300.0,AMEX,9999455041234
622,rajesh,999945504,SNAP,approved,300.0,AMEX,9999455041234
623,rajesh,999945504,SNAP,approved,300.0,AMEX,9999455041234
624,rajesh,999945504,SNAP,approved,300.0,AMEX,9999455041234
625,rajesh,999945504,SNAP,approved,300.0,AMEX,9999455041234
626,rajesh,999945504,SNAP,approved,300.0,AMEX,9999455041234
627,rajesh,999945504,SNAP,approved,300.0,AMEX,9999455041234
628,rajesh,999945504,SNAP,approved,300.0,AMEX,9999455041234
629,rajesh,999945504,SNAP,approved,300.0,AMEX,9999455041234
630,rajesh,999945504,SNAP,approved,300.0,AMEX,9999455041234
631,rajesh,999945504,SNAP,approved,300.0,AMEX,9999455041234
632,rajesh,999945504,SNAP,approved,300.0,AMEX,9999455041234
633,rajesh,999945504,SNAP,approved,300.0,AMEX,9999455041234
634,rajesh,999945504,SNAP,approved,300.0,AMEX,9999455041234
635,rajesh,999945504,SNAP,approved,300.0,AMEX,9999455041234
636,rajesh,999945504,SNAP,approved,300.0,AMEX,9999455041234
637,rajesh,999945504,SNAP,approved,300.0,AMEX,9999455041234
638,rajesh,999945504,SNAP,approved,300.0,AMEX,9999455041234
639,rajesh,999945504,SNAP,approved,300.0,AMEX,9999455041234
640,rajesh,999945504,SNAP,approved,300.0,AMEX,9999455041234
641,rajesh,999945504,SNAP,approved,300.0,AMEX,9999455041234
642,rajesh,999945504,SNAP,approved,300.0,AMEX,9999455041234
643,rajesh,999945504,SNAP,approved,300.0,AMEX,9999455041234
644,rajesh,999945504,SNAP,approved,300.0,AMEX,9999455041234
645,rajesh,999945504,SNAP,approved,300.0,AMEX,9999455041234
646,rajesh,999945504,SNAP,approved,300.0,AMEX,9999455041234
647,rajesh,999945504,SNAP,approved,300.0,AMEX,9999455041234
648,rajesh,999945504,SNAP,approved,300.0,AMEX,9999455041234
649,rajesh,999945504,SNAP,approved,300.0,AMEX,9999455041234
650,rajesh,999945504,SNAP,approved,300.0,AMEX,9999455041234
651,rajesh,999945504,SNAP,approved,300.0,AMEX,9999455041234
652,rajesh,999945504,SNAP,approved,300.0,AMEX,9999455041234
653,rajesh,999945504,SNAP,approved,300.0,AMEX,9999455041234
654,rajesh,999945504,SNAP,approved,300.0,AMEX,9999455041234
655,rajesh,999945504,SNAP,approved,300.0,AMEX,9999455041234
656,rajesh,999945504,SNAP,approved,300.0,AMEX,9999455041234
657,rajesh,999945504,SNAP,approved,300.0,AMEX,9999455041234
658,rajesh,999945504,SNAP,approved,300.0,AMEX,9999455041234
659,rajesh,999945504,SNAP,approved,300.0,AMEX,9999455041234
660,rajesh,999945504,SNAP,approved,300.0,AMEX,9999455041234
661,rajesh,999945504,SNAP,approved,300.0,AMEX,9999455041234
662,rajesh,999945504,SNAP,approved,300.0,AMEX,9999455041234
663,rajesh,999945504,SNAP,approved,300.0,AMEX,9999455041234
664,rajesh,999945504,SNAP,approved,300.0,AMEX,9999455041234
665,rajesh,999945504,SNAP,approved,300.0,AMEX,9999455041234
666,rajesh,999945504,SNAP,approved,300.0,AMEX,9999455041234
667,rajesh,999945504,SNAP,approved,300.0,AMEX,9999455041234
668,rajesh,999945504,SNAP,approved,300.0,AMEX,9999455041234
669,rajesh,999945504,SNAP,approved,300.0,AMEX,9999455041234
670,rajesh,999945504,SNAP,approved,300.0,AMEX,9999455041234
671,rajesh,999945504,SNAP,approved,300.0,AMEX,9999455041234
672,rajesh,999945504,SNAP,approved,300.0,AMEX,9999455041234
673,rajesh,999945504,SNAP,approved,300.0,AMEX,9999455041234
674,rajesh,999945504,SNAP,approved,300.0,AMEX,9999455041234
675,rajesh,999945504,SNAP,approved,300.0,AMEX,9999455041234
676,rajesh,999945504,SNAP,approved,300.0,AMEX,9999455041234
677,rajesh,999945504,SNAP,approved,300.0,AMEX,9999455041234
678,rajesh,999945504,SNAP,approved,300.0,AMEX,9999455041234
679,rajesh,999945504,SNAP,approved,300.0,AMEX,9999455041234
680,rajesh,999945504,SNAP,approved,300.0,AMEX,9999455041234
681,rajesh,999945504,SNAP,approved,300.0,AMEX,9999455041234
682,rajesh,999945504,SNAP,approved,300.0,AMEX,9999455041234
683,rajesh,999945504,SNAP,approved,300.0,AMEX,9999455041234
684,rajesh,999945504,SNAP,approved,300.0,AMEX,9999455041234
685,rajesh,999945504,SNAP,approved,300.0,AMEX,9999455041234
686,rajesh,999945504,SNAP,approved,300.0,AMEX,9999455041234
687,rajesh,999945504,SNAP,approved,300.0,AMEX,9999455041234
688,rajesh,999945504,SNAP,approved,300.0,AMEX,9999455041234
689,rajesh,999945504,SNAP,approved,300.0,AMEX,9999455041234
690,rajesh,999945504,SNAP,approved,300.0,AMEX,9999455041234
691,rajesh,999945504,SNAP,approved,300.0,AMEX,9999455041234
692,rajesh,999945504,SNAP,approved,300.0,AMEX,9999455041234
693,rajesh,999945504,SNAP,approved,300.0,AMEX,9999455041234
694,rajesh,999945504,SNAP,approved,300.0,AMEX,9999455041234
695,rajesh,999945504,SNAP,approved,300.0,AMEX,9999455041234
696,rajesh,999945504,SNAP,approved,300.0,AMEX,9999455041234
697,rajesh,999945504,SNAP,approved,300.0,AMEX,9999455041234
698,rajesh,999945504,SNAP,approved,300.0,AMEX,9999455041234
699,rajesh,999945504,SNAP,approved,300.0,AMEX,9999455041234
700,rajesh,999945504,SNAP,approved,300.0,AMEX,9999455041234
701,rajesh,999945504,SNAP,approved,300.0,AMEX,9999455041234
702,rajesh,999945504,SNAP,approved,300.0,AMEX,9999455041234
703,rajesh,999945504,SNAP,approved,300.0,AMEX,9999455041234
704,rajesh,999945504,SNAP,approved,300.0,AMEX,9999455041234
705,rajesh,999945504,SNAP,approved,300.0,AMEX,9999455041234
706,rajesh,999945504,SNAP,approved,300.0,AMEX,9999455041234
707,rajesh,999945504,SNAP,approved,300.0,AMEX,9999455041234
708,rajesh,999945504,SNAP,approved,300.0,AMEX,9999455041234
709,rajesh,999945504,SNAP,approved,300.0,AMEX,9999455041234
710,rajesh,999945504,SNAP,approved,300.0,AMEX,9999455041234
711,rajesh,999945504,SNAP,approved,300.0,AMEX,9999455041234
712,rajesh,999945504,SNAP,approved,300.0,AMEX,9999455041234
713,rajesh,999945504,SNAP,approved,300.0,AMEX,9999455041234
714,rajesh,999945504,SNAP,approved,300.0,AMEX,9999455041234
715,rajesh,999945504,SNAP,approved,300.0,AMEX,9999455041234
716,rajesh,999945504,SNAP,approved,300.0,AMEX,9999455041234
717,rajesh,999945504,SNAP,approved,300.0,AMEX,9999455041234
718,rajesh,999945504,SNAP,approved,300.0,AMEX,9999455041234
719,rajesh,999945504,SNAP,approved,300.0,AMEX,9999455041234
720,rajesh,999945504,SNAP,approved,300.0,AMEX,9999455041234
721,rajesh,999945504,SNAP,approved,300.0,AMEX,9999455041234
722,rajesh,999945504,SNAP,approved,300.0,AMEX,9999455041234
723,rajesh,999945504,SNAP,approved,300.0,AMEX,9999455041234
724,rajesh,999945504,SNAP,approved,300.0,AMEX,9999455041234
725,rajesh,999945504,SNAP,approved,300.0,AMEX,9999455041234
726,rajesh,999945504,SNAP,approved,300.0,AMEX,9999455041234
727,rajesh,999945504,SNAP,approved,300.0,AMEX,9999455041234
728,rajesh,999945504,SNAP,approved,300.0,AMEX,9999455041234
729,rajesh,999945504,SNAP,approved,300.0,AMEX,9999455041234
730,rajesh,999945504,SNAP,approved,300.0,AMEX,9999455041234
731,rajesh,999945504,SNAP,approved,300.0,AMEX,9999455041234
732,rajesh,999945504,SNAP,approved,300.0,AMEX,9999455041234
733,rajesh,999945504,SNAP,approved,300.0,AMEX,9999455041234
734,rajesh,999945504,SNAP,approved,300.0,AMEX,9999455041234
735,rajesh,999945504,SNAP,approved,300.0,AMEX,9999455041234
736,rajesh,999945504,SNAP,approved,300.0,AMEX,9999455041234
737,rajesh,999945504,SNAP,approved,300.0,AMEX,9999455041234
738,rajesh,999945504,SNAP,approved,300.0,AMEX,9999455041234
739,rajesh,999945504,SNAP,approved,300.0,AMEX,9999455041234
740,rajesh,999945504,SNAP,approved,300.0,AMEX,9999455041234
741,rajesh,999945504,SNAP,approved,300.0,AMEX,9999455041234
742,rajesh,999945504,SNAP,approved,300.0,AMEX,9999455041234
743,rajesh,999945504,SNAP,approved,300.0,AMEX,9999455041234
744,rajesh,999945504,SNAP,approved,300.0,AMEX,9999455041234
745,rajesh,999945504,SNAP,approved,300.0,AMEX,9999455041234
746,rajesh,999945504,SNAP,approved,300.0,AMEX,9999455041234
747,rajesh,999945504,SNAP,approved,300.0,AMEX,9999455041234
748,rajesh,999945504,SNAP,approved,300.0,AMEX,9999455041234
749,rajesh,999945504,SNAP,approved,300.0,AMEX,9999455041234
750,rajesh,999945504,SNAP,approved,300.0,AMEX,9999455041234
751,rajesh,999945504,SNAP,approved,300.0,AMEX,9999455041234
752,rajesh,999945504,SNAP,approved,300.0,AMEX,9999455041234
753,rajesh,999945504,SNAP,approved,300.0,AMEX,9999455041234
754,rajesh,999945504,SNAP,approved,300.0,AMEX,9999455041234
755,rajesh,999945504,SNAP,approved,300.0,AMEX,9999455041234
756,rajesh,999945504,SNAP,approved,300.0,AMEX,9999455041234
757,rajesh,999945504,SNAP,approved,300.0,AMEX,9999455041234
758,rajesh,999945504,SNAP,approved,300.0,AMEX,9999455041234
759,rajesh,999945504,SNAP,approved,300.0,AMEX,9999455041234
760,rajesh,999945504,SNAP,approved,300.0,AMEX,9999455041234
761,rajesh,999945504,SNAP,approved,300.0,AMEX,9999455041234
762,rajesh,999945504,SNAP,approved,300.0,AMEX,9999455041234
763,rajesh,999945504,SNAP,approved,300.0,AMEX,9999455041234
764,rajesh,999945504,SNAP,approved,300.0,AMEX,9999455041234
765,rajesh,999945504,SNAP,approved,300.0,AMEX,9999455041234
766,rajesh,999945504,SNAP,approved,300.0,AMEX,9999455041234
767,rajesh,999945504,SNAP,approved,300.0,AMEX,9999455041234
768,rajesh,999945504,SNAP,approved,300.0,AMEX,9999455041234
769,rajesh,999945504,SNAP,approved,300.0,AMEX,9999455041234
770,rajesh,999945504,SNAP,approved,300.0,AMEX,9999455041234
771,rajesh,999945504,SNAP,approved,300.0,AMEX,9999455041234
772,rajesh,999945504,SNAP,approved,300.0,AMEX,9999455041234
773,rajesh,999945504,SNAP,approved,300.0,AMEX,9999455041234
774,rajesh,999945504,SNAP,approved,300.0,AMEX,9999455041234
775,rajesh,999945504,SNAP,approved,300.0,AMEX,9999455041234
776,rajesh,999945504,SNAP,approved,300.0,AMEX,9999455041234
777,rajesh,999945504,SNAP,approved,300.0,AMEX,9999455041234
778,rajesh,999945504,SNAP,approved,300.0,AMEX,9999455041234
779,rajesh,999945504,SNAP,approved,300.0,AMEX,9999455041234
780,rajesh,999945504,SNAP,approved,300.0,AMEX,9999455041234
781,rajesh,999945504,SNAP,approved,300.0,AMEX,9999455041234
782,rajesh,999945504,SNAP,approved,300.0,AMEX,9999455041234
783,rajesh,999945504,SNAP,approved,300.0,AMEX,9999455041234
784,rajesh,999945504,SNAP,approved,300.0,AMEX,9999455041234
785,rajesh,999945504,SNAP,approved,300.0,AMEX,9999455041234
786,rajesh,999945504,SNAP,approved,300.0,AMEX,9999455041234
787,rajesh,999945504,SNAP,approved,300.0,AMEX,9999455041234
788,rajesh,999945504,SNAP,approved,300.0,AMEX,9999455041234
789,rajesh,999945504,SNAP,approved,300.0,AMEX,9999455041234
790,rajesh,999945504,SNAP,approved,300.0,AMEX,9999455041234
791,rajesh,999945504,SNAP,approved,300.0,AMEX,9999455041234
792,rajesh,999945504,SNAP,approved,300.0,AMEX,9999455041234
793,rajesh,999945504,SNAP,approved,300.0,AMEX,9999455041234
794,rajesh,999945504,SNAP,approved,300.0,AMEX,9999455041234
795,rajesh,999945504,SNAP,approved,300.0,AMEX,9999455041234
796,rajesh,999945504,SNAP,approved,300.0,AMEX,9999455041234
797,rajesh,999945504,SNAP,approved,300.0,AMEX,9999455041234
798,rajesh,999945504,SNAP,approved,300.0,AMEX,9999455041234
799,rajesh,999945504,SNAP,approved,300.0,AMEX,9999455041234
800,rajesh,999945504,SNAP,approved,300.0,AMEX,9999455041234
801,rajesh,999945504,SNAP,approved,300.0,AMEX,9999455041234
802,rajesh,999945504,SNAP,approved,300.0,AMEX,9999455041234
803,rajesh,999945504,SNAP,approved,300.0,AMEX,9999455041234
804,rajesh,999945504,SNAP,approved,300.0,AMEX,9999455041234
805,rajesh,999945504,SNAP,approved,300.0,AMEX,9999455041234
806,rajesh,999945504,SNAP,approved,300.0,AMEX,9999455041234
807,rajesh,999945504,SNAP,approved,300.0,AMEX,9999455041234
808,rajesh,999945504,SNAP,approved,300.0,AMEX,9999455041234
809,rajesh,999945504,SNAP,approved,300.0,AMEX,9999455041234
810,rajesh,999945504,SNAP,approved,300.0,AMEX,9999455041234
811,rajesh,999945504,SNAP,approved,300.0,AMEX,9999455041234
812,rajesh,999945504,SNAP,approved,300.0,AMEX,9999455041234
813,rajesh,999945504,SNAP,approved,300.0,AMEX,9999455041234
814,rajesh,999945504,SNAP,approved,300.0,AMEX,9999455041234
815,rajesh,999945504,SNAP,approved,300.0,AMEX,9999455041234
816,rajesh,999945504,SNAP,approved,300.0,AMEX,9999455041234
817,rajesh,999945504,SNAP,approved,300.0,AMEX,9999455041234
818,rajesh,999945504,SNAP,approved,300.0,AMEX,9999455041234
819,rajesh,999945504,SNAP,approved,300.0,AMEX,9999455041234
820,rajesh,999945504,SNAP,approved,300.0,AMEX,9999455041234
821,rajesh,999945504,SNAP,approved,300.0,AMEX,9999455041234
822,rajesh,999945504,SNAP,approved,300.0,AMEX,9999455041234
823,rajesh,999945504,SNAP,approved,300.0,AMEX,9999455041234
824,rajesh,999945504,SNAP,approved,300.0,AMEX,9999455041234
825,rajesh,999945504,SNAP,approved,300.0,AMEX,9999455041234
826,rajesh,999945504,SNAP,approved,300.0,AMEX,9999455041234
827,rajesh,999945504,SNAP,approved,300.0,AMEX,9999455041234
828,rajesh,999945504,SNAP,approved,300.0,AMEX,9999455041234
829,rajesh,999945504,SNAP,approved,300.0,AMEX,9999455041234
830,rajesh,999945504,SNAP,approved,300.0,AMEX,9999455041234
831,rajesh,999945504,SNAP,approved,300.0,AMEX,9999455041234
832,rajesh,999945504,SNAP,approved,300.0,AMEX,9999455041234
833,rajesh,999945504,SNAP,approved,300.0,AMEX,9999455041234
834,rajesh,999945504,SNAP,approved,300.0,AMEX,9999455041234
835,rajesh,999945504,SNAP,approved,300.0,AMEX,9999455041234
836,rajesh,999945504,SNAP,approved,300.0,AMEX,9999455041234
837,rajesh,999945504,SNAP,approved,300.0,AMEX,9999455041234
838,rajesh,999945504,SNAP,approved,300.0,AMEX,9999455041234
839,rajesh,999945504,SNAP,approved,300.0,AMEX,9999455041234
840,rajesh,999945504,SNAP,approved,300.0,AMEX,9999455041234
841,rajesh,999945504,SNAP,approved,300.0,AMEX,9999455041234
842,rajesh,999945504,SNAP,approved,300.0,AMEX,9999455041234
843,rajesh,999945504,SNAP,approved,300.0,AMEX,9999455041234
844,rajesh,999945504,SNAP,approved,300.0,AMEX,9999455041234
845,rajesh,999945504,SNAP,approved,300.0,AMEX,9999455041234
846,rajesh,999945504,SNAP,approved,300.0,AMEX,9999455041234
847,rajesh,999945504,SNAP,approved,300.0,AMEX,9999455041234
848,rajesh,999945504,SNAP,approved,300.0,AMEX,9999455041234
849,rajesh,999945504,SNAP,approved,300.0,AMEX,9999455041234
850,rajesh,999945504,SNAP,approved,300.0,AMEX,9999455041234
851,rajesh,999945504,SNAP,approved,300.0,AMEX,9999455041234
852,rajesh,999945504,SNAP,approved,300.0,AMEX,9999455041234
853,rajesh,999945504,SNAP,approved,300.0,AMEX,9999455041234
854,rajesh,999945504,SNAP,approved,300.0,AMEX,9999455041234
855,rajesh,999945504,SNAP,approved,300.0,AMEX,9999455041234
856,rajesh,999945504,SNAP,approved,300.0,AMEX,9999455041234
857,rajesh,999945504,SNAP,approved,300.0,AMEX,9999455041234
858,rajesh,999945504,SNAP,approved,300.0,AMEX,9999455041234
859,rajesh,999945504,SNAP,approved,300.0,AMEX,9999455041234
860,rajesh,999945504,SNAP,approved,300.0,AMEX,9999455041234
861,rajesh,999945504,SNAP,approved,300.0,AMEX,9999455041234
862,rajesh,999945504,SNAP,approved,300.0,AMEX,9999455041234
863,rajesh,999945504,SNAP,approved,300.0,AMEX,9999455041234
864,rajesh,999945504,SNAP,approved,300.0,AMEX,9999455041234
865,rajesh,999945504,SNAP,approved,300.0,AMEX,9999455041234
866,rajesh,999945504,SNAP,approved,300.0,AMEX,9999455041234
867,rajesh,999945504,SNAP,approved,300.0,AMEX,9999455041234
868,rajesh,999945504,SNAP,approved,300.0,AMEX,9999455041234
869,rajesh,999945504,SNAP,approved,300.0,AMEX,9999455041234
870,rajesh,999945504,SNAP,approved,300.0,AMEX,9999455041234
871,rajesh,999945504,SNAP,approved,300.0,AMEX,9999455041234
872,rajesh,999945504,SNAP,approved,300.0,AMEX,9999455041234
873,rajesh,999945504,SNAP,approved,300.0,AMEX,9999455041234
874,rajesh,999945504,SNAP,approved,300.0,AMEX,9999455041234
875,rajesh,999945504,SNAP,approved,300.0,AMEX,9999455041234
876,rajesh,999945504,SNAP,approved,300.0,AMEX,9999455041234
877,rajesh,999945504,SNAP,approved,300.0,AMEX,9999455041234
878,rajesh,999945504,SNAP,approved,300.0,AMEX,9999455041234
879,rajesh,999945504,SNAP,approved,300.0,AMEX,9999455041234
880,rajesh,999945504,SNAP,approved,300.0,AMEX,9999455041234
881,rajesh,999945504,SNAP,approved,300.0,AMEX,9999455041234
882,rajesh,999945504,SNAP,approved,300.0,AMEX,9999455041234
883,rajesh,999945504,SNAP,approved,300.0,AMEX,9999455041234
884,rajesh,999945504,SNAP,approved,300.0,AMEX,9999455041234
885,rajesh,999945504,SNAP,approved,300.0,AMEX,9999455041234
886,rajesh,999945504,SNAP,approved,300.0,AMEX,9999455041234
887,rajesh,999945504,SNAP,approved,300.0,AMEX,9999455041234
888,rajesh,999945504,SNAP,approved,300.0,AMEX,9999455041234
889,rajesh,999945504,SNAP,approved,300.0,AMEX,9999455041234
890,rajesh,999945504,SNAP,approved,300.0,AMEX,9999455041234
891,rajesh,999945504,SNAP,approved,300.0,AMEX,9999455041234
892,rajesh,999945504,SNAP,approved,300.0,AMEX,9999455041234
893,rajesh,999945504,SNAP,approved,300.0,AMEX,9999455041234
894,rajesh,999945504,SNAP,approved,300.0,AMEX,9999455041234
895,rajesh,999945504,SNAP,approved,300.0,AMEX,9999455041234
896,rajesh,999945504,SNAP,approved,300.0,AMEX,9999455041234
897,rajesh,999945504,SNAP,approved,300.0,AMEX,9999455041234
898,rajesh,999945504,SNAP,approved,300.0,AMEX,9999455041234
899,rajesh,999945504,SNAP,approved,300.0,AMEX,9999455041234
900,rajesh,999945504,SNAP,approved,300.0,AMEX,9999455041234
901,rajesh,999945504,SNAP,approved,300.0,AMEX,9999455041234
902,rajesh,999945504,SNAP,approved,300.0,AMEX,9999455041234
903,rajesh,999945504,SNAP,approved,300.0,AMEX,9999455041234
904,rajesh,999945504,SNAP,approved,300.0,AMEX,9999455041234
905,rajesh,999945504,SNAP,approved,300.0,AMEX,9999455041234
906,rajesh,999945504,SNAP,approved,300.0,AMEX,9999455041234
907,rajesh,999945504,SNAP,approved,300.0,AMEX,9999455041234
908,rajesh,999945504,SNAP,approved,300.0,AMEX,9999455041234
909,rajesh,999945504,SNAP,approved,300.0,AMEX,9999455041234
910,rajesh,999945504,SNAP,approved,300.0,AMEX,9999455041234
911,rajesh,999945504,SNAP,approved,300.0,AMEX,9999455041234
912,rajesh,999945504,SNAP,approved,300.0,AMEX,9999455041234
913,rajesh,999945504,SNAP,approved,300.0,AMEX,9999455041234
914,rajesh,999945504,SNAP,approved,300.0,AMEX,9999455041234
915,rajesh,999945504,SNAP,approved,300.0,AMEX,9999455041234
916,rajesh,999945504,SNAP,approved,300.0,AMEX,9999455041234
917,rajesh,999945504,SNAP,approved,300.0,AMEX,9999455041234
918,rajesh,999945504,SNAP,approved,300.0,AMEX,9999455041234
919,rajesh,999945504,SNAP,approved,300.0,AMEX,9999455041234
920,rajesh,999945504,SNAP,approved,300.0,AMEX,9999455041234
921,rajesh,999945504,SNAP,approved,300.0,AMEX,9999455041234
922,rajesh,999945504,SNAP,approved,300.0,AMEX,9999455041234
923,rajesh,999945504,SNAP,approved,300.0,AMEX,9999455041234
924,rajesh,999945504,SNAP,approved,300.0,AMEX,9999455041234
925,rajesh,999945504,SNAP,approved,300.0,AMEX,9999455041234
926,rajesh,999945504,SNAP,approved,300.0,AMEX,9999455041234
927,rajesh,999945504,SNAP,approved,300.0,AMEX,9999455041234
928,rajesh,999945504,SNAP,approved,300.0,AMEX,9999455041234
929,rajesh,999945504,SNAP,approved,300.0,AMEX,9999455041234
930,rajesh,999945504,SNAP,approved,300.0,AMEX,9999455041234
931,rajesh,999945504,SNAP,approved,300.0,AMEX,9999455041234
932,rajesh,999945504,SNAP,approved,300.0,AMEX,9999455041234
933,rajesh,999945504,SNAP,approved,300.0,AMEX,9999455041234
934,rajesh,999945504,SNAP,approved,300.0,AMEX,9999455041234
935,rajesh,999945504,SNAP,approved,300.0,AMEX,9999455041234
936,rajesh,999945504,SNAP,approved,300.0,AMEX,9999455041234
937,rajesh,999945504,SNAP,approved,300.0,AMEX,9999455041234
938,rajesh,999945504,SNAP,approved,300.0,AMEX,9999455041234
939,rajesh,999945504,SNAP,approved,300.0,AMEX,9999455041234
940,rajesh,999945504,SNAP,approved,300.0,AMEX,9999455041234
941,rajesh,999945504,SNAP,approved,300.0,AMEX,9999455041234
942,rajesh,999945504,SNAP,approved,300.0,AMEX,9999455041234
943,rajesh,999945504,SNAP,approved,300.0,AMEX,9999455041234
944,rajesh,999945504,SNAP,approved,300.0,AMEX,9999455041234
945,rajesh,999945504,SNAP,approved,300.0,AMEX,9999455041234
946,rajesh,999945504,SNAP,approved,300.0,AMEX,9999455041234
947,rajesh,999945504,SNAP,approved,300.0,AMEX,9999455041234
948,rajesh,999945504,SNAP,approved,300.0,AMEX,9999455041234
949,rajesh,999945504,SNAP,approved,300.0,AMEX,9999455041234
950,rajesh,999945504,SNAP,approved,300.0,AMEX,9999455041234
951,rajesh,999945504,SNAP,approved,300.0,AMEX,9999455041234
952,rajesh,999945504,SNAP,approved,300.0,AMEX,9999455041234
953,rajesh,999945504,SNAP,approved,300.0,AMEX,9999455041234
954,rajesh,999945504,SNAP,approved,300.0,AMEX,9999455041234
955,rajesh,999945504,SNAP,approved,300.0,AMEX,9999455041234
956,rajesh,999945504,SNAP,approved,300.0,AMEX,9999455041234
957,rajesh,999945504,SNAP,approved,300.0,AMEX,9999455041234
958,rajesh,999945504,SNAP,approved,300.0,AMEX,9999455041234
959,rajesh,999945504,SNAP,approved,300.0,AMEX,9999455041234
960,rajesh,999945504,SNAP,approved,300.0,AMEX,9999455041234
961,rajesh,999945504,SNAP,approved,300.0,AMEX,9999455041234
962,rajesh,999945504,SNAP,approved,300.0,AMEX,9999455041234
963,rajesh,999945504,SNAP,approved,300.0,AMEX,9999455041234
964,rajesh,999945504,SNAP,approved,300.0,AMEX,9999455041234
965,rajesh,999945504,SNAP,approved,300.0,AMEX,9999455041234
966,rajesh,999945504,SNAP,approved,300.0,AMEX,9999455041234
967,rajesh,999945504,SNAP,approved,300.0,AMEX,9999455041234
968,rajesh,999945504,SNAP,approved,300.0,AMEX,9999455041234
969,rajesh,999945504,SNAP,approved,300.0,AMEX,9999455041234
970,rajesh,999945504,SNAP,approved,300.0,AMEX,9999455041234
971,rajesh,999945504,SNAP,approved,300.0,AMEX,9999455041234
972,rajesh,999945504,SNAP,approved,300.0,AMEX,9999455041234
973,rajesh,999945504,SNAP,approved,300.0,AMEX,9999455041234
974,rajesh,999945504,SNAP,approved,300.0,AMEX,9999455041234
975,rajesh,999945504,SNAP,approved,300.0,AMEX,9999455041234
976,rajesh,999945504,SNAP,approved,300.0,AMEX,9999455041234
977,rajesh,999945504,SNAP,approved,300.0,AMEX,9999455041234
978,rajesh,999945504,SNAP,approved,300.0,AMEX,9999455041234
979,rajesh,999945504,SNAP,approved,300.0,AMEX,9999455041234
980,rajesh,999945504,SNAP,approved,300.0,AMEX,9999455041234
981,rajesh,999945504,SNAP,approved,300.0,AMEX,9999455041234
982,rajesh,999945504,SNAP,approved,300.0,AMEX,9999455041234
983,rajesh,999945504,SNAP,approved,300.0,AMEX,9999455041234
984,rajesh,999945504,SNAP,approved,300.0,AMEX,9999455041234
985,rajesh,999945504,SNAP,approved,300.0,AMEX,9999455041234
986,rajesh,999945504,SNAP,approved,300.0,AMEX,9999455041234
987,rajesh,999945504,SNAP,approved,300.0,AMEX,9999455041234
988,rajesh,999945504,SNAP,approved,300.0,AMEX,9999455041234
989,rajesh,999945504,SNAP,approved,300.0,AMEX,9999455041234
990,rajesh,999945504,SNAP,approved,300.0,AMEX,9999455041234
991,rajesh,999945504,SNAP,approved,300.0,AMEX,9999455041234
992,rajesh,999945504,SNAP,approved,300.0,AMEX,9999455041234
993,rajesh,999945504,SNAP,approved,300.0,AMEX,9999455041234
994,rajesh,999945504,SNAP,approved,300.0,AMEX,9999455041234
995,rajesh,999945504,SNAP,approved,300.0,AMEX,9999455041234
996,rajesh,999945504,SNAP,approved,300.0,AMEX,9999455041234
997,rajesh,999945504,SNAP,approved,300.0,AMEX,9999455041234
998,rajesh,999945504,SNAP,approved,300.0,AMEX,9999455041234
999,rajesh,999945504,SNAP,approved,300.0,AMEX,9999455041234
1000,rajesh,999945504,SNAP,approved,300.0,AMEX,9999455041234
